--
-- Script was generated by Devart dbForge Studio 2019 for MySQL, Version 8.1.22.0
-- Product home page: http://www.devart.com/dbforge/mysql/studio
-- Script date 26/11/2019 14:15:28
-- Server version: 5.5.5-10.1.34-MariaDB
-- Client version: 4.1
--

-- 
-- Disable foreign keys
-- 
/*!40014 SET @OLD_FOREIGN_KEY_CHECKS=@@FOREIGN_KEY_CHECKS, FOREIGN_KEY_CHECKS=0 */;

-- 
-- Set SQL mode
-- 
/*!40101 SET @OLD_SQL_MODE=@@SQL_MODE, SQL_MODE='NO_AUTO_VALUE_ON_ZERO' */;

-- 
-- Set character set the client will use to send SQL statements to the server
--
SET NAMES 'utf8';

--
-- Set default database
--
USE lawyers;

--
-- Drop procedure `SP_GETNOTIFICACION`
--
DROP PROCEDURE IF EXISTS SP_GETNOTIFICACION;

--
-- Drop table `t_apelacion`
--
DROP TABLE IF EXISTS t_apelacion;

--
-- Drop table `t_audiencia`
--
DROP TABLE IF EXISTS t_audiencia;

--
-- Drop table `t_estado`
--
DROP TABLE IF EXISTS t_estado;

--
-- Drop table `t_juzgado`
--
DROP TABLE IF EXISTS t_juzgado;

--
-- Drop table `t_documento`
--
DROP TABLE IF EXISTS t_documento;

--
-- Drop table `t_observacion`
--
DROP TABLE IF EXISTS t_observacion;

--
-- Drop table `t_pagos`
--
DROP TABLE IF EXISTS t_pagos;

--
-- Drop table `t_resolucion`
--
DROP TABLE IF EXISTS t_resolucion;

--
-- Drop table `t_verificacion`
--
DROP TABLE IF EXISTS t_verificacion;

--
-- Drop table `t_caso`
--
DROP TABLE IF EXISTS t_caso;

--
-- Drop table `t_estadocaso`
--
DROP TABLE IF EXISTS t_estadocaso;

--
-- Drop table `t_instancia`
--
DROP TABLE IF EXISTS t_instancia;

--
-- Drop table `t_materia`
--
DROP TABLE IF EXISTS t_materia;

--
-- Drop procedure `SP_GETNOTIFICACIONUSUARIO`
--
DROP PROCEDURE IF EXISTS SP_GETNOTIFICACIONUSUARIO;

--
-- Drop procedure `SP_REGUSUARIONOTIFICACION`
--
DROP PROCEDURE IF EXISTS SP_REGUSUARIONOTIFICACION;

--
-- Drop table `usuario_notificaciones`
--
DROP TABLE IF EXISTS usuario_notificaciones;

--
-- Drop procedure `SP_DELNOTIFICACION`
--
DROP PROCEDURE IF EXISTS SP_DELNOTIFICACION;

--
-- Drop procedure `SP_GETNOTIFICACIONES`
--
DROP PROCEDURE IF EXISTS SP_GETNOTIFICACIONES;

--
-- Drop procedure `SP_REGNOTIFICACION`
--
DROP PROCEDURE IF EXISTS SP_REGNOTIFICACION;

--
-- Drop procedure `SP_UPDATENOTIFICACION`
--
DROP PROCEDURE IF EXISTS SP_UPDATENOTIFICACION;

--
-- Drop table `notificacion`
--
DROP TABLE IF EXISTS notificacion;

--
-- Drop table `tiponotificacion`
--
DROP TABLE IF EXISTS tiponotificacion;

--
-- Drop table `t_cliente`
--
DROP TABLE IF EXISTS t_cliente;

--
-- Drop table `t_tipocliente`
--
DROP TABLE IF EXISTS t_tipocliente;

--
-- Drop table `t_abogado`
--
DROP TABLE IF EXISTS t_abogado;

--
-- Drop table `t_modelo`
--
DROP TABLE IF EXISTS t_modelo;

--
-- Drop table `t_usuario`
--
DROP TABLE IF EXISTS t_usuario;

--
-- Drop table `t_perfil`
--
DROP TABLE IF EXISTS t_perfil;

--
-- Set default database
--
USE lawyers;

--
-- Create table `t_perfil`
--
CREATE TABLE t_perfil (
  idt_perfil int(11) NOT NULL AUTO_INCREMENT,
  titulo varchar(150) NOT NULL,
  descripcion text DEFAULT NULL,
  PRIMARY KEY (idt_perfil)
)
ENGINE = INNODB,
AUTO_INCREMENT = 3,
AVG_ROW_LENGTH = 8192,
CHARACTER SET utf8,
COLLATE utf8_general_ci;

--
-- Create table `t_usuario`
--
CREATE TABLE t_usuario (
  idt_usuario int(11) NOT NULL AUTO_INCREMENT,
  idt_perfil int(11) NOT NULL,
  username varchar(255) NOT NULL,
  password varchar(255) NOT NULL,
  token_password text DEFAULT NULL,
  password_request int(11) DEFAULT NULL,
  PRIMARY KEY (idt_usuario)
)
ENGINE = INNODB,
AUTO_INCREMENT = 13,
AVG_ROW_LENGTH = 2340,
CHARACTER SET utf8,
COLLATE utf8_general_ci;

--
-- Create index `usuario`.`perfil_idx` on table `t_usuario`
--
ALTER TABLE t_usuario
ADD INDEX `usuario.perfil_idx` (idt_perfil);

--
-- Create foreign key
--
ALTER TABLE t_usuario
ADD CONSTRAINT `usuario.perfil` FOREIGN KEY (idt_perfil)
REFERENCES t_perfil (idt_perfil) ON DELETE NO ACTION ON UPDATE NO ACTION;

--
-- Create table `t_modelo`
--
CREATE TABLE t_modelo (
  idmodelo int(11) NOT NULL AUTO_INCREMENT,
  t_url varchar(255) NOT NULL,
  t_title varchar(100) DEFAULT NULL,
  body text DEFAULT NULL,
  idt_usuario int(11) NOT NULL,
  fechaSistema timestamp NULL DEFAULT CURRENT_TIMESTAMP ON UPDATE CURRENT_TIMESTAMP,
  PRIMARY KEY (idmodelo)
)
ENGINE = INNODB,
AUTO_INCREMENT = 4,
AVG_ROW_LENGTH = 8192,
CHARACTER SET utf8,
COLLATE utf8_general_ci;

--
-- Create index `modelo`.`usuario_idx` on table `t_modelo`
--
ALTER TABLE t_modelo
ADD INDEX `modelo.usuario_idx` (idt_usuario);

--
-- Create foreign key
--
ALTER TABLE t_modelo
ADD CONSTRAINT `modelo.usuario` FOREIGN KEY (idt_usuario)
REFERENCES t_usuario (idt_usuario) ON DELETE NO ACTION ON UPDATE NO ACTION;

--
-- Create table `t_abogado`
--
CREATE TABLE t_abogado (
  t_AboCod int(11) NOT NULL AUTO_INCREMENT,
  t_AboNombre varchar(45) NOT NULL,
  t_AboApellidos varchar(45) NOT NULL,
  t_AboDni int(11) NOT NULL,
  t_AboDireccion varchar(100) NOT NULL,
  t_AboTelfcel int(11) NOT NULL,
  t_AboTelf int(11) NOT NULL,
  t_AboCorreo varchar(100) NOT NULL,
  t_AboDepartamento varchar(45) NOT NULL,
  t_AboProvincia varchar(45) NOT NULL,
  t_AboDistrito varchar(45) NOT NULL,
  t_AboContrasena varchar(15) NOT NULL DEFAULT 'min 6' COMMENT 'Minimo 6 caracteres maximo 25',
  idt_usuario int(11) NOT NULL,
  PRIMARY KEY (t_AboCod)
)
ENGINE = INNODB,
AUTO_INCREMENT = 3,
CHARACTER SET utf8,
COLLATE utf8_general_ci;

--
-- Create index `abogado_idx` on table `t_abogado`
--
ALTER TABLE t_abogado
ADD INDEX abogado_idx (idt_usuario);

--
-- Create foreign key
--
ALTER TABLE t_abogado
ADD CONSTRAINT abogado FOREIGN KEY (idt_usuario)
REFERENCES t_usuario (idt_usuario) ON DELETE NO ACTION ON UPDATE NO ACTION;

--
-- Create table `t_tipocliente`
--
CREATE TABLE t_tipocliente (
  idt_tipoCliente int(11) NOT NULL AUTO_INCREMENT,
  title varchar(255) NOT NULL,
  description text DEFAULT NULL,
  PRIMARY KEY (idt_tipoCliente)
)
ENGINE = INNODB,
AUTO_INCREMENT = 3,
AVG_ROW_LENGTH = 8192,
CHARACTER SET utf8,
COLLATE utf8_general_ci;

--
-- Create table `t_cliente`
--
CREATE TABLE t_cliente (
  idt_cliente int(11) NOT NULL AUTO_INCREMENT,
  idt_tipoCliente int(11) NOT NULL,
  nombres varchar(200) DEFAULT NULL,
  apellidos varchar(200) DEFAULT NULL,
  dni varchar(45) DEFAULT NULL,
  ruc varchar(45) DEFAULT NULL,
  razon_social varchar(250) DEFAULT NULL,
  direccion varchar(250) DEFAULT NULL,
  telefono varchar(45) DEFAULT NULL,
  telefono2 varchar(45) DEFAULT NULL,
  fec_nac date DEFAULT NULL,
  dpto varchar(45) DEFAULT NULL,
  prov varchar(45) DEFAULT NULL,
  dist varchar(45) DEFAULT NULL,
  fechaSistema timestamp NULL DEFAULT CURRENT_TIMESTAMP ON UPDATE CURRENT_TIMESTAMP,
  PRIMARY KEY (idt_cliente)
)
ENGINE = INNODB,
AUTO_INCREMENT = 11,
AVG_ROW_LENGTH = 1820,
CHARACTER SET utf8,
COLLATE utf8_general_ci;

--
-- Create index `cliente`.`tipocliente_idx` on table `t_cliente`
--
ALTER TABLE t_cliente
ADD INDEX `cliente.tipocliente_idx` (idt_tipoCliente);

--
-- Create foreign key
--
ALTER TABLE t_cliente
ADD CONSTRAINT `cliente.tipocliente` FOREIGN KEY (idt_tipoCliente)
REFERENCES t_tipocliente (idt_tipoCliente) ON DELETE NO ACTION ON UPDATE NO ACTION;

--
-- Create table `tiponotificacion`
--
CREATE TABLE tiponotificacion (
  idtiponotificacion int(11) NOT NULL AUTO_INCREMENT,
  nombre varchar(200) DEFAULT NULL,
  descripcion varchar(200) DEFAULT NULL,
  icono varchar(200) DEFAULT NULL,
  PRIMARY KEY (idtiponotificacion)
)
ENGINE = INNODB,
AUTO_INCREMENT = 6,
AVG_ROW_LENGTH = 4096,
CHARACTER SET utf8,
COLLATE utf8_spanish2_ci;

--
-- Create table `notificacion`
--
CREATE TABLE notificacion (
  idnotificacion int(11) NOT NULL AUTO_INCREMENT,
  fecha date DEFAULT NULL,
  estado int(11) DEFAULT NULL,
  titulo varchar(100) DEFAULT NULL,
  descripcion text DEFAULT NULL,
  idtiponotificacion int(11) NOT NULL,
  PRIMARY KEY (idnotificacion)
)
ENGINE = INNODB,
AUTO_INCREMENT = 19,
AVG_ROW_LENGTH = 1820,
CHARACTER SET utf8,
COLLATE utf8_spanish2_ci;

--
-- Create foreign key
--
ALTER TABLE notificacion
ADD CONSTRAINT `notificacion.tiponotificacion` FOREIGN KEY (idtiponotificacion)
REFERENCES tiponotificacion (idtiponotificacion) ON DELETE NO ACTION ON UPDATE NO ACTION;

DELIMITER $$

--
-- Create procedure `SP_UPDATENOTIFICACION`
--
CREATE DEFINER = 'root'@'localhost'
PROCEDURE SP_UPDATENOTIFICACION (IN _idnotificacion int, IN _fecha date, IN _estado int, IN _titulo varchar(200), IN _descripcion text, IN _idtiponotificacion int)
BEGIN
  UPDATE `notificacion`
  SET `fecha` = _fecha,
      `estado` = _estado,
      `titulo` = _titulo,
      `descripcion` = _descripcion,
      `idtiponotificacion` = _idtiponotificacion
  WHERE `idnotificacion` = _idnotificacion;
END
$$

--
-- Create procedure `SP_REGNOTIFICACION`
--
CREATE DEFINER = 'root'@'localhost'
PROCEDURE SP_REGNOTIFICACION (_fecha date, _estado int, _titulo varchar(200), _descripcion text, _idtiponotificacion int)
BEGIN
  INSERT INTO `notificacion` (`fecha`,
  `estado`,
  `titulo`,
  `descripcion`,
  `idtiponotificacion`)
    VALUES (_fecha, _estado, _titulo, _descripcion, _idtiponotificacion);
END
$$

--
-- Create procedure `SP_GETNOTIFICACIONES`
--
CREATE DEFINER = 'root'@'localhost'
PROCEDURE SP_GETNOTIFICACIONES ()
BEGIN
  SELECT
    *
  FROM notificacion;
END
$$

--
-- Create procedure `SP_DELNOTIFICACION`
--
CREATE DEFINER = 'root'@'localhost'
PROCEDURE SP_DELNOTIFICACION (_codigo int)
BEGIN
  DELETE
    FROM `notificacion`
  WHERE `idnotificacion` = _codigo;
END
$$

DELIMITER ;

--
-- Create table `usuario_notificaciones`
--
CREATE TABLE usuario_notificaciones (
  idusuario_notificaciones int(11) NOT NULL AUTO_INCREMENT,
  idnotificacion int(11) NOT NULL,
  idusuario int(11) NOT NULL,
  estado int(11) DEFAULT NULL,
  PRIMARY KEY (idusuario_notificaciones)
)
ENGINE = INNODB,
AUTO_INCREMENT = 14,
AVG_ROW_LENGTH = 1092,
CHARACTER SET utf8,
COLLATE utf8_spanish2_ci;

--
-- Create index `notificacion`.`usuario_idx` on table `usuario_notificaciones`
--
ALTER TABLE usuario_notificaciones
ADD INDEX `notificacion.usuario_idx` (idnotificacion);

--
-- Create index `usuario`.`notificacion_idx` on table `usuario_notificaciones`
--
ALTER TABLE usuario_notificaciones
ADD INDEX `usuario.notificacion_idx` (idusuario);

--
-- Create foreign key
--
ALTER TABLE usuario_notificaciones
ADD CONSTRAINT `notificacion.usuario` FOREIGN KEY (idnotificacion)
REFERENCES notificacion (idnotificacion) ON DELETE NO ACTION ON UPDATE NO ACTION;

--
-- Create foreign key
--
ALTER TABLE usuario_notificaciones
ADD CONSTRAINT `usuario.notificacion` FOREIGN KEY (idusuario)
REFERENCES t_usuario (idt_usuario) ON DELETE NO ACTION ON UPDATE NO ACTION;

DELIMITER $$

--
-- Create procedure `SP_REGUSUARIONOTIFICACION`
--
CREATE DEFINER = 'root'@'localhost'
PROCEDURE SP_REGUSUARIONOTIFICACION (_idnotificacion int, _idusuario int, _estado int)
BEGIN
  INSERT INTO `usuario_notificaciones` (`idnotificacion`,
  `idusuario`,
  `estado`)
    VALUES (_idnotificacion, _idusuario, _estado);
END
$$

--
-- Create procedure `SP_GETNOTIFICACIONUSUARIO`
--
CREATE DEFINER = 'root'@'localhost'
PROCEDURE SP_GETNOTIFICACIONUSUARIO (_idusuario int)
BEGIN
  SELECT
    *
  FROM notificacion n
    INNER JOIN usuario_notificaciones un
      ON n.idnotificacion = un.idnotificacion
    INNER JOIN t_usuario u
      ON un.idusuario = u.idt_usuario
    INNER JOIN tiponotificacion tn
      ON n.idtiponotificacion = tn.idtiponotificacion
  WHERE u.idt_usuario = _idusuario
  AND un.estado = 1;
END
$$

DELIMITER ;

--
-- Create table `t_materia`
--
CREATE TABLE t_materia (
  t_MateCod int(11) NOT NULL AUTO_INCREMENT,
  t_MateDescripcion varchar(45) NOT NULL,
  PRIMARY KEY (t_MateCod)
)
ENGINE = INNODB,
AUTO_INCREMENT = 10,
AVG_ROW_LENGTH = 2730,
CHARACTER SET utf8,
COLLATE utf8_general_ci;

--
-- Create table `t_instancia`
--
CREATE TABLE t_instancia (
  t_InsCod int(11) NOT NULL AUTO_INCREMENT,
  t_InsNombre varchar(45) NOT NULL,
  t_InsDescripcion varchar(45) NOT NULL,
  PRIMARY KEY (t_InsCod)
)
ENGINE = INNODB,
AUTO_INCREMENT = 5,
AVG_ROW_LENGTH = 5461,
CHARACTER SET utf8,
COLLATE utf8_general_ci;

--
-- Create table `t_estadocaso`
--
CREATE TABLE t_estadocaso (
  idt_EstadoCaso int(11) NOT NULL AUTO_INCREMENT,
  title varchar(100) DEFAULT NULL,
  description text DEFAULT NULL,
  fechaSistema timestamp NULL DEFAULT CURRENT_TIMESTAMP ON UPDATE CURRENT_TIMESTAMP,
  PRIMARY KEY (idt_EstadoCaso)
)
ENGINE = INNODB,
AUTO_INCREMENT = 3,
AVG_ROW_LENGTH = 8192,
CHARACTER SET utf8,
COLLATE utf8_general_ci;

--
-- Create table `t_caso`
--
CREATE TABLE t_caso (
  t_CasoCod int(11) NOT NULL AUTO_INCREMENT,
  caso_titulo varchar(250) NOT NULL,
  cod_demandante int(11) DEFAULT NULL,
  cod_demandado int(11) DEFAULT NULL,
  t_CasoFech date NOT NULL,
  t_CasoNumExp varchar(45) NOT NULL,
  t_AboCod int(11) DEFAULT NULL,
  t_CasoJuzgado varchar(45) NOT NULL,
  t_CasoObservaciones varchar(45) NOT NULL,
  t_pagoTotal decimal(6, 2) DEFAULT NULL,
  idt_usuario int(11) NOT NULL,
  idt_cliente int(11) NOT NULL,
  t_MateCod int(11) NOT NULL,
  t_InsCod int(11) NOT NULL,
  idt_EstadoCaso int(11) NOT NULL,
  PRIMARY KEY (t_CasoCod)
)
ENGINE = INNODB,
AUTO_INCREMENT = 13,
AVG_ROW_LENGTH = 1365,
CHARACTER SET utf8,
COLLATE utf8_general_ci;

--
-- Create index `caso`.`cliente_idx` on table `t_caso`
--
ALTER TABLE t_caso
ADD INDEX `caso.cliente_idx` (idt_cliente);

--
-- Create index `caso`.`estado_idx` on table `t_caso`
--
ALTER TABLE t_caso
ADD INDEX `caso.estado_idx` (idt_EstadoCaso);

--
-- Create index `caso`.`instancia_idx` on table `t_caso`
--
ALTER TABLE t_caso
ADD INDEX `caso.instancia_idx` (t_InsCod);

--
-- Create index `caso`.`materia_idx` on table `t_caso`
--
ALTER TABLE t_caso
ADD INDEX `caso.materia_idx` (t_MateCod);

--
-- Create index `caso`.`usuario_idx` on table `t_caso`
--
ALTER TABLE t_caso
ADD INDEX `caso.usuario_idx` (idt_usuario);

--
-- Create foreign key
--
ALTER TABLE t_caso
ADD CONSTRAINT `caso.cliente` FOREIGN KEY (idt_cliente)
REFERENCES t_cliente (idt_cliente) ON DELETE NO ACTION ON UPDATE NO ACTION;

--
-- Create foreign key
--
ALTER TABLE t_caso
ADD CONSTRAINT `caso.estado` FOREIGN KEY (idt_EstadoCaso)
REFERENCES t_estadocaso (idt_EstadoCaso) ON DELETE NO ACTION ON UPDATE NO ACTION;

--
-- Create foreign key
--
ALTER TABLE t_caso
ADD CONSTRAINT `caso.instancia` FOREIGN KEY (t_InsCod)
REFERENCES t_instancia (t_InsCod) ON DELETE NO ACTION ON UPDATE NO ACTION;

--
-- Create foreign key
--
ALTER TABLE t_caso
ADD CONSTRAINT `caso.materia` FOREIGN KEY (t_MateCod)
REFERENCES t_materia (t_MateCod) ON DELETE NO ACTION ON UPDATE NO ACTION;

--
-- Create foreign key
--
ALTER TABLE t_caso
ADD CONSTRAINT `caso.usuario` FOREIGN KEY (idt_usuario)
REFERENCES t_usuario (idt_usuario) ON DELETE NO ACTION ON UPDATE NO ACTION;

--
-- Create table `t_verificacion`
--
CREATE TABLE t_verificacion (
  t_VeriCod int(11) NOT NULL AUTO_INCREMENT,
  t_VeriObservaiones varchar(45) NOT NULL,
  t_caso_t_CasoCod int(11) NOT NULL,
  PRIMARY KEY (t_VeriCod)
)
ENGINE = INNODB,
CHARACTER SET utf8,
COLLATE utf8_general_ci;

--
-- Create index `fk_t_verificacion_t_caso1_idx` on table `t_verificacion`
--
ALTER TABLE t_verificacion
ADD INDEX fk_t_verificacion_t_caso1_idx (t_caso_t_CasoCod);

--
-- Create foreign key
--
ALTER TABLE t_verificacion
ADD CONSTRAINT fk_t_verificacion_t_caso1 FOREIGN KEY (t_caso_t_CasoCod)
REFERENCES t_caso (t_CasoCod) ON DELETE NO ACTION ON UPDATE NO ACTION;

--
-- Create table `t_resolucion`
--
CREATE TABLE t_resolucion (
  idResoCod int(11) NOT NULL AUTO_INCREMENT,
  t_ResoDescripcion varchar(45) NOT NULL,
  t_CasoCod int(11) DEFAULT NULL,
  PRIMARY KEY (idResoCod)
)
ENGINE = INNODB,
CHARACTER SET utf8,
COLLATE utf8_general_ci;

--
-- Create index `resolucion`.`caso_idx` on table `t_resolucion`
--
ALTER TABLE t_resolucion
ADD INDEX `resolucion.caso_idx` (t_CasoCod);

--
-- Create foreign key
--
ALTER TABLE t_resolucion
ADD CONSTRAINT `resolucion.caso` FOREIGN KEY (t_CasoCod)
REFERENCES t_caso (t_CasoCod) ON DELETE NO ACTION ON UPDATE NO ACTION;

--
-- Create table `t_pagos`
--
CREATE TABLE t_pagos (
  idPagoCod int(11) NOT NULL AUTO_INCREMENT,
  t_PagoMonto varchar(45) NOT NULL,
  t_PagoMontoInicial int(11) NOT NULL,
  t_PagoDescrip varchar(45) NOT NULL,
  t_CasoCod int(11) NOT NULL,
  fechaSistema timestamp NULL DEFAULT CURRENT_TIMESTAMP ON UPDATE CURRENT_TIMESTAMP,
  PRIMARY KEY (idPagoCod)
)
ENGINE = INNODB,
AUTO_INCREMENT = 7,
AVG_ROW_LENGTH = 2730,
CHARACTER SET utf8,
COLLATE utf8_general_ci;

--
-- Create index `fk_t_pagos_t_caso1_idx` on table `t_pagos`
--
ALTER TABLE t_pagos
ADD INDEX fk_t_pagos_t_caso1_idx (t_CasoCod);

--
-- Create foreign key
--
ALTER TABLE t_pagos
ADD CONSTRAINT fk_t_pagos_t_caso1 FOREIGN KEY (t_CasoCod)
REFERENCES t_caso (t_CasoCod) ON DELETE NO ACTION ON UPDATE NO ACTION;

--
-- Create table `t_observacion`
--
CREATE TABLE t_observacion (
  idt_observacion int(11) NOT NULL AUTO_INCREMENT,
  title varchar(100) DEFAULT NULL,
  description text DEFAULT NULL,
  t_CasoCod int(11) NOT NULL,
  fechaSistema timestamp NULL DEFAULT CURRENT_TIMESTAMP ON UPDATE CURRENT_TIMESTAMP,
  PRIMARY KEY (idt_observacion)
)
ENGINE = INNODB,
AUTO_INCREMENT = 4,
AVG_ROW_LENGTH = 16384,
CHARACTER SET utf8,
COLLATE utf8_general_ci;

--
-- Create index `observacion`.`caso_idx` on table `t_observacion`
--
ALTER TABLE t_observacion
ADD INDEX `observacion.caso_idx` (t_CasoCod);

--
-- Create foreign key
--
ALTER TABLE t_observacion
ADD CONSTRAINT `observacion.caso` FOREIGN KEY (t_CasoCod)
REFERENCES t_caso (t_CasoCod) ON DELETE NO ACTION ON UPDATE NO ACTION;

--
-- Create table `t_documento`
--
CREATE TABLE t_documento (
  t_DocuCod int(11) NOT NULL AUTO_INCREMENT,
  t_DocuDescripcion text NOT NULL,
  t_url varchar(255) DEFAULT NULL,
  t_CasoCod int(11) DEFAULT NULL,
  fechaSistema timestamp NULL DEFAULT CURRENT_TIMESTAMP ON UPDATE CURRENT_TIMESTAMP,
  PRIMARY KEY (t_DocuCod)
)
ENGINE = INNODB,
AUTO_INCREMENT = 4,
AVG_ROW_LENGTH = 5461,
CHARACTER SET utf8,
COLLATE utf8_general_ci;

--
-- Create index `documento`.`caso_idx` on table `t_documento`
--
ALTER TABLE t_documento
ADD INDEX `documento.caso_idx` (t_CasoCod);

--
-- Create foreign key
--
ALTER TABLE t_documento
ADD CONSTRAINT `documento.caso` FOREIGN KEY (t_CasoCod)
REFERENCES t_caso (t_CasoCod) ON DELETE NO ACTION ON UPDATE NO ACTION;

--
-- Create table `t_juzgado`
--
CREATE TABLE t_juzgado (
  idt_juzgado int(11) NOT NULL AUTO_INCREMENT,
  nombre varchar(255) DEFAULT NULL,
  direccion varchar(255) DEFAULT NULL,
  telefono varchar(45) DEFAULT NULL,
  horariom varchar(100) DEFAULT NULL,
  horariot varchar(100) DEFAULT NULL,
  PRIMARY KEY (idt_juzgado)
)
ENGINE = INNODB,
AUTO_INCREMENT = 7,
AVG_ROW_LENGTH = 2730,
CHARACTER SET utf8,
COLLATE utf8_general_ci;

--
-- Create table `t_estado`
--
CREATE TABLE t_estado (
  t_estado int(11) NOT NULL AUTO_INCREMENT,
  title varchar(150) DEFAULT NULL,
  color varchar(100) DEFAULT NULL,
  t_observacion text NOT NULL,
  fechaSistema timestamp NULL DEFAULT CURRENT_TIMESTAMP ON UPDATE CURRENT_TIMESTAMP,
  PRIMARY KEY (t_estado)
)
ENGINE = INNODB,
AUTO_INCREMENT = 5,
AVG_ROW_LENGTH = 4096,
CHARACTER SET utf8,
COLLATE utf8_general_ci;

--
-- Create table `t_audiencia`
--
CREATE TABLE t_audiencia (
  t_AudiCod int(11) NOT NULL AUTO_INCREMENT,
  asunto varchar(255) NOT NULL,
  t_AudiDireccion varchar(100) NOT NULL,
  t_AudiHora time NOT NULL,
  t_AudiFecha date NOT NULL,
  t_AudiObservaciones varchar(45) NOT NULL,
  t_casocod int(11) NOT NULL,
  t_estado int(11) NOT NULL,
  idt_juzgado int(11) NOT NULL,
  PRIMARY KEY (t_AudiCod)
)
ENGINE = INNODB,
AUTO_INCREMENT = 8,
AVG_ROW_LENGTH = 2340,
CHARACTER SET utf8,
COLLATE utf8_general_ci;

--
-- Create index `audiencia`.`estado_idx` on table `t_audiencia`
--
ALTER TABLE t_audiencia
ADD INDEX `audiencia.estado_idx` (t_estado);

--
-- Create index `audiencia`.`juzgado_idx` on table `t_audiencia`
--
ALTER TABLE t_audiencia
ADD INDEX `audiencia.juzgado_idx` (idt_juzgado);

--
-- Create index `fk_t_audiencia_t_caso1_idx` on table `t_audiencia`
--
ALTER TABLE t_audiencia
ADD INDEX fk_t_audiencia_t_caso1_idx (t_casocod);

--
-- Create foreign key
--
ALTER TABLE t_audiencia
ADD CONSTRAINT `audiencia.estado` FOREIGN KEY (t_estado)
REFERENCES t_estado (t_estado) ON DELETE NO ACTION ON UPDATE NO ACTION;

--
-- Create foreign key
--
ALTER TABLE t_audiencia
ADD CONSTRAINT `audiencia.juzgado` FOREIGN KEY (idt_juzgado)
REFERENCES t_juzgado (idt_juzgado) ON DELETE NO ACTION ON UPDATE NO ACTION;

--
-- Create foreign key
--
ALTER TABLE t_audiencia
ADD CONSTRAINT fk_t_audiencia_t_caso1 FOREIGN KEY (t_casocod)
REFERENCES t_caso (t_CasoCod) ON DELETE NO ACTION ON UPDATE NO ACTION;

--
-- Create table `t_apelacion`
--
CREATE TABLE t_apelacion (
  t_ApeCod int(11) NOT NULL AUTO_INCREMENT,
  t_ApeResolucion varchar(45) NOT NULL,
  t_ApeObservacion varchar(45) NOT NULL,
  t_CasoCod int(11) NOT NULL,
  t_estado int(11) NOT NULL,
  PRIMARY KEY (t_ApeCod)
)
ENGINE = INNODB,
CHARACTER SET utf8,
COLLATE utf8_general_ci;

--
-- Create index `apelacion`.`caso_idx` on table `t_apelacion`
--
ALTER TABLE t_apelacion
ADD INDEX `apelacion.caso_idx` (t_CasoCod);

--
-- Create index `apelacion`.`estado_idx` on table `t_apelacion`
--
ALTER TABLE t_apelacion
ADD INDEX `apelacion.estado_idx` (t_estado);

--
-- Create foreign key
--
ALTER TABLE t_apelacion
ADD CONSTRAINT `apelacion.caso` FOREIGN KEY (t_CasoCod)
REFERENCES t_caso (t_CasoCod) ON DELETE NO ACTION ON UPDATE NO ACTION;

--
-- Create foreign key
--
ALTER TABLE t_apelacion
ADD CONSTRAINT `apelacion.estado` FOREIGN KEY (t_estado)
REFERENCES t_estado (t_estado) ON DELETE NO ACTION ON UPDATE NO ACTION;

DELIMITER $$

--
-- Create procedure `SP_GETNOTIFICACION`
--
CREATE DEFINER = 'root'@'localhost'
PROCEDURE SP_GETNOTIFICACION (_codigo int)
BEGIN
  SELECT
    *
  FROM notificaion
  WHERE idnotificacion = _codigo;
END
$$

DELIMITER ;

-- 
-- Dumping data for table t_perfil
--
INSERT INTO t_perfil VALUES
(1, 'ADMINISTRADOR', 'ADMIN-USER'),
(2, 'USER', 'USER');

-- 
-- Dumping data for table t_tipocliente
--
INSERT INTO t_tipocliente VALUES
(1, 'NATURAL', 'CLIENTE NATURAL'),
(2, 'JURIDICO', 'CLIENTE JURIDICO');

-- 
-- Dumping data for table tiponotificacion
--
INSERT INTO tiponotificacion VALUES
(1, 'Audiencia', 'Se registro una audiencia', '<i class="fas fa-exclamation"></i>'),
(2, 'Observación', 'Se registro una observación', '<i class="far fa-bell"></i>'),
(3, 'Cancelación', 'Cancelación de caso.', '<i class="fas fa-ban"></i>'),
(4, 'Nuevo caso', 'Se registró nuevo caso.', '<i class="fas fa-exchange-alt"></i>'),
(5, 'Adelanto', 'Se paga un adelanto', '<i class="fas fa-exchange-alt"></i>');

-- 
-- Dumping data for table t_usuario
--
INSERT INTO t_usuario VALUES
(4, 1, 'CORRUPTUS', '123456', NULL, NULL),
(5, 2, 'raul@mail.com', '123456', NULL, NULL),
(6, 2, 'frank@email.com', '123456', NULL, NULL),
(7, 2, 'gac184@hotmail.com', '654321', NULL, NULL),
(8, 2, 'grover@mail.com', '1234', NULL, NULL),
(9, 2, 'stripe_dev@protonmail.com', '$2y$10$TgOzcg1P0SFxGAoO.4GoQu/a13LxVG.Kn8Pmq6biu3Ur2qDdaVJ1O', '', 0),
(11, 2, 'george.rendich@gmail.com', '$2y$10$V3HFLuA4xUQuSjvNbrwPueySOB0LIUqOk2Agtmfbz.4qSdyQcHE/u', NULL, NULL),
(12, 2, 'gaby.arias@gmail.com', '$2y$10$AhUUuZ4DqyOHwpO/dOCeduI9mlaj5iUSA2a.mmAcuRmeXYSPu93fa', NULL, NULL);

-- 
-- Dumping data for table t_materia
--
INSERT INTO t_materia VALUES
(1, 'CIVIL'),
(4, 'COMERCIAL'),
(6, 'CONTENCIOSO ADMINISTRATIVO'),
(7, 'FAMILIA CIVIL'),
(8, 'FAMILIA TUTELAR'),
(9, 'LABORAL');

-- 
-- Dumping data for table t_instancia
--
INSERT INTO t_instancia VALUES
(1, '1RA INSTANCIA (JUZGADO)', 'DESCRIPCION'),
(3, '2DA INSTANCIA (SALA)', 'DESCRIPCION-instancia'),
(4, '3RA INSTANCIA (CASACION)', 'JUZGADO III');

-- 
-- Dumping data for table t_estadocaso
--
INSERT INTO t_estadocaso VALUES
(1, 'EN PROCESO', 'EN PROCESO', '2019-10-15 14:59:28'),
(2, 'CULMINADO', 'CULMINADO', '2019-10-15 14:59:28');

-- 
-- Dumping data for table t_cliente
--
INSERT INTO t_cliente VALUES
(1, 1, 'ANDRES', 'GOMES', '12345678', '', '', 'JR. ANGAMOS 110', '9875421', '', '2019-10-02', 'JUNIN', 'HUANCAYO', 'CHILCA', '2019-10-15 11:59:28'),
(2, 1, 'SOFIA', 'HURTADO', '87654321', '', '', 'JR. PROCERES 2210', '999545421', '', '1999-10-02', 'JUNIN', 'HUANCAYO', 'CHILCA', '2019-10-15 12:14:33'),
(3, 1, 'DIEGO', 'TORRES', '66332255', '', '', 'JR. ANGAMOS 110', '9875421', '', '2019-10-02', 'JUNIN', 'HUANCAYO', 'CHILCA', '2019-10-15 12:14:33'),
(4, 1, 'MICHAEL', 'OLIVARES', '99663322', '', '', 'JR. ANGAMOS 110', '9875421', '', '2019-10-02', 'JUNIN', 'HUANCAYO', 'CHILCA', '2019-10-15 12:14:33'),
(5, 1, 'JUANA', 'VELIZ', '87986545', '', '', 'JR. ANGAMOS 110', '9875421', '', '2019-10-02', 'JUNIN', 'HUANCAYO', 'CHILCA', '2019-10-15 12:14:33'),
(6, 1, 'ARTUR', 'BERMUDEZ', '65321451', '', '', 'JR. ANGAMOS 110', '9875421', '', '2019-10-02', 'JUNIN', 'HUANCAYO', 'CHILCA', '2019-10-15 12:14:33'),
(7, 1, 'MARCIAL', 'PARIONA', '45784512', '', '', 'JR. ANGAMOS 110', '9875421', '', '2019-10-02', 'JUNIN', 'HUANCAYO', 'CHILCA', '2019-10-15 12:14:33'),
(8, 1, 'JIMMY', 'ÑAUPARI', '63254125', '', '', 'JR. ANGAMOS 110', '9875421', '', '2019-10-02', 'JUNIN', 'HUANCAYO', 'CHILCA', '2019-10-15 12:14:33'),
(9, 2, '', '', '', '10450689039', 'Dev Soft EIRL', 'Jr. Cusco 584', '987542525', 'sn', '0000-00-00', '1', '1', '1', '2019-10-22 00:38:08'),
(10, 1, 'Angélica Verónica', 'Ramos Ortega', '48955223', '', '', 'Jr. Puno 142', '968542155', '', '1995-10-22', '1', '1', '1', NULL);

-- 
-- Dumping data for table notificacion
--
INSERT INTO notificacion VALUES
(1, '2019-11-11', 1, 'Notificación', 'Audiencia', 1),
(2, '2019-11-12', 1, 'Nuevo caso', 'Nuevo caso', 4),
(3, '2019-11-12', 1, 'Nuevo caso', 'Nuevo caso', 4),
(4, '2019-11-12', 1, 'Nuevo caso', 'Nuevo caso', 4),
(5, '2019-11-12', 1, 'Nuevo caso', 'Nuevo caso', 4),
(6, '2019-11-12', 1, 'Nuevo caso', 'Nuevo caso', 4),
(7, '2019-11-12', 1, 'Nuevo caso', 'Nuevo caso', 4),
(8, '2019-11-12', 1, 'Nueva audiencia', 'Nueva audiencia', 1),
(9, '2019-11-12', 1, 'Nueva observación', 'Nueva observación', 2),
(10, '2019-11-19', 1, 'Nuevo caso', 'Nuevo caso', 4),
(11, '2019-11-25', 1, 'Adelanto de pago', 'Monto: 200 por concepto de: Viaticos', 5),
(12, '2019-11-25', 1, 'Adelanto de pago', 'Monto: 450 por concepto de: Adelanto', 5),
(13, '2019-11-25', 1, 'Adelanto de pago', 'Monto: 100 por concepto de: Comida', 5),
(14, '2019-11-25', 1, 'Adelanto de pago', 'Monto: 420 por concepto de: Viaje tacna ida-vuelta', 5),
(15, '2019-11-25', 1, 'Conciliacion', 'Nueva audiencia', 1),
(16, '2019-11-25', 1, 'Separación de bienes', 'Nueva audiencia', 1),
(17, '2019-11-26', 1, 'Nuevo caso', 'Nuevo caso', 4),
(18, '2019-11-26', 1, 'Falto a la reunion', '<p>Falto a la reuni&oacute;n</p>', 2);

-- 
-- Dumping data for table t_juzgado
--
INSERT INTO t_juzgado VALUES
(1, 'SALA PENAL DE APELACIONES', 'JR. PARRA DEL RIEGO Nº 400', 'sn', '08:00 hrs - 13:15 hrs', '14:30 hrs - 17:45 hrs'),
(2, 'SALA MIXTA', 'JR. LIMA Nº 501 - TARMA', 'sn', '08:00 hrs - 13:15 hrs', '14:30 hrs - 17:45 hrs'),
(3, '01º JUZGADO DE FAMILIA', 'JR. JULIO C. TELLO N° 624', 'sn', '08:00 hrs - 13:15 hrs', '14:30 hrs - 17:45 hrs'),
(4, '03° JUZGADO DE TRABAJO', 'JR. NEMESIO RAEZ N° 510', 'sn', '08:00 hrs - 13:15 hrs', '14:30 hrs - 17:45 hrs'),
(5, ' 03° JUZGADO CIVIL', 'JR. MANUEL ALONSO Nº 499', 'sn', '08:00 hrs - 13:15 hrs', '14:30 hrs - 17:45 hrs'),
(6, '01° JUZGADO PENAL UNIPERSONAL', 'JR. CUZCO Nº 262 - CENTRO CIVICO FORTUNATO CARDENAS PISO 3 -TARMA', 'sn', '08:00 hrs - 13:15 hrs', '14:30 hrs - 17:45 hrs');

-- 
-- Dumping data for table t_estado
--
INSERT INTO t_estado VALUES
(1, 'ACUERDO', 'bg-success', 'sn', '0000-00-00 00:00:00'),
(2, 'POSPUESTO', 'bg-warning', 'sn', '0000-00-00 00:00:00'),
(3, 'NUEVA AUDIENCIA', 'bg-info', 'sn', '0000-00-00 00:00:00'),
(4, 'DESACUERDO', 'bg-danger', 'sn', '0000-00-00 00:00:00');

-- 
-- Dumping data for table t_caso
--
INSERT INTO t_caso VALUES
(1, 'DIVORSIO', 1, 1, '2019-10-15', 'S/N', 2, 'JUZGADO CHILCA', '', 0.00, 6, 1, 1, 1, 1),
(2, 'AGRESIÓN', 5, 6, '2019-10-15', 'S/N', 2, 'JUZGADO CHILCA', '', 0.00, 6, 3, 4, 3, 1),
(3, 'AGRESIÓN', 1, 1, '2019-10-16', 'S/N', 2, 'JUZGADO CHILCA', '', 0.00, 6, 1, 1, 1, 1),
(4, 'AGRESIÓN', 1, 1, '2019-10-16', 'S/N', 2, 'JUZGADO CHILCA', '', 0.00, 6, 1, 1, 1, 2),
(5, 'DIVORSIO', 8, 7, '2019-11-12', 'S/N', 2, 'JUZGADO CHILCA', '', 0.00, 11, 8, 1, 1, 2),
(6, 'DIVORSIO', 2, 3, '2019-11-12', 'S/N', 2, 'JUZGADO CHILCA', '', 0.00, 11, 3, 6, 1, 2),
(7, 'ASALTO A MANO ARMADA', 2, 6, '2019-11-12', 'S/N', 2, 'JUEZ DE PAZ DE OXAPAMPA', '', 0.00, 11, 2, 4, 3, 1),
(8, 'DIVORSIO', 2, 1, '2019-11-12', 'S/N', 2, 'ALGUN JUZGADO', '', 0.00, 11, 3, 6, 4, 1),
(9, 'ALIMENTOS', 8, 7, '2019-11-12', 'S/N', 2, 'JUEZ DE PAZ PAMPAS', '', 0.00, 11, 8, 1, 1, 1),
(10, 'AGRESION', 2, 5, '2019-11-12', 'S/N', 2, 'JUEZ DE PAZ PAMPAS', '', 0.00, 11, 2, 4, 1, 1),
(11, 'AGRESION', 4, 6, '2019-11-19', 'S/N', 2, 'JUEZ DE PAZ PAMPAS', '', 0.00, 11, 4, 6, 4, 2),
(12, 'DIVORSIO', 3, 5, '2019-11-26', '00001201903135JRCO06', 2, 'JUEZ DE PAZ PAMPAS', '', 0.00, 11, 3, 1, 4, 1);

-- 
-- Dumping data for table usuario_notificaciones
--
INSERT INTO usuario_notificaciones VALUES
(1, 1, 11, 0),
(2, 7, 11, 0),
(3, 8, 11, 0),
(4, 9, 11, 0),
(5, 10, 11, 0),
(6, 11, 11, 1),
(7, 12, 11, 0),
(8, 13, 11, 1),
(9, 14, 11, 0),
(10, 15, 11, 1),
(11, 16, 11, 1),
(12, 17, 11, 1),
(13, 18, 11, 1);

-- 
-- Dumping data for table t_verificacion
--
-- Table lawyers.t_verificacion does not contain any data (it is empty)

-- 
-- Dumping data for table t_resolucion
--
-- Table lawyers.t_resolucion does not contain any data (it is empty)

-- 
-- Dumping data for table t_pagos
--
INSERT INTO t_pagos VALUES
(1, '200', 0, 'Pago para constitución de empresa SUNARP', 4, '2019-10-29 10:21:58'),
(2, '300', 0, 'Viaticos', 3, '2019-11-12 16:22:28'),
(3, '200', 0, 'Viaticos', 6, '2019-11-24 22:41:57'),
(4, '450', 0, 'Adelanto', 6, '2019-11-24 22:42:17'),
(5, '200', 0, 'Comida', 7, '2019-11-26 14:14:09'),
(6, '600', 0, 'Viaje tacna ida-vuelta', 7, '2019-11-26 14:14:17');

-- 
-- Dumping data for table t_observacion
--
INSERT INTO t_observacion VALUES
(1, 'No llego a reunión', 'Se programó una reunión con la parte demandada, pero no se presentó a dicha cita.', 4, '2019-10-29 00:25:00'),
(2, 'Falto a la reunion', '<p>El demandado no asistio a la reunion</p>', 10, '2019-11-12 16:56:14'),
(3, 'Falto a la reunion', '<p>Falto a la reuni&oacute;n de hoy</p>', 6, '2019-11-26 14:06:38');

-- 
-- Dumping data for table t_modelo
--
INSERT INTO t_modelo VALUES
(1, '', 'Carta Poder Simple', '<p class="MsoNormal" style="text-align: center;" align="center"><strong><span lang="ES" style="font-size: 14.0pt; font-family: ''Arial'',sans-serif;">CARTA PODER SIMPLE</span></strong><span lang="ES" style="font-family: ''Arial'',sans-serif;">&nbsp;</span></p>\r\n<p class="MsoNormal" style="text-align: justify; text-indent: 35.4pt; line-height: 150%;"><span lang="ES" style="font-family: ''Arial'',sans-serif;">El (la) suscrito/(a</span><span lang="ES" style="font-size: 9.0pt; line-height: 150%; font-family: ''Arial'',sans-serif;">)_________(anotar nombre y apellidos tal como aparecen en su identificaci&oacute;n</span><span lang="ES" style="font-family: ''Arial'',sans-serif;">), de nacionalidad mexicana, &nbsp;otorga&nbsp; a: ________________ poder simple para que en mi nombre y representaci&oacute;n tramite&nbsp; la Constancia de Datos&nbsp; Registrales ante la Direcci&oacute;n General de Control de Procesos Penales Federales, &nbsp;Procuradur&iacute;a General de la Rep&uacute;blica, sita en&nbsp; Av. Insurgentes Sur N&ordm; 235, piso 4&ordm;, Colonia Roma Norte, Delegaci&oacute;n Cuauht&eacute;moc, CP(06700), M&eacute;xico, Distrito Federal. - - - - - - - - - - - - - - - - - - - - - - -- - - - - - - - - - - - - - - --&nbsp; </span></p>\r\n<p class="MsoNormal" style="text-align: justify; text-indent: 35.4pt; line-height: 150%;"><span lang="ES" style="font-family: ''Arial'',sans-serif;">&nbsp;</span></p>\r\n<p class="MsoNormal" style="text-align: justify; line-height: 150%;"><span lang="ES" style="font-family: ''Arial'',sans-serif;">Ciudad de Buenos Aires, Argentina, a los ____ d&iacute;as del mes de____&shy;&shy;&shy;&shy;&shy;_________ de 20___. </span></p>\r\n<p class="MsoNormal" style="text-align: justify; text-indent: 35.4pt; line-height: 150%;"><span lang="ES" style="font-family: ''Arial'',sans-serif;">&nbsp;</span></p>\r\n<p class="MsoNormal" style="text-align: justify; text-indent: 35.4pt; line-height: 150%;"><span lang="ES" style="font-family: ''Arial'',sans-serif;">&nbsp;</span></p>\r\n<p class="MsoNormal" style="text-align: justify; text-indent: 35.4pt; line-height: 150%;"><span lang="ES" style="font-family: ''Arial'',sans-serif;">&nbsp;&nbsp;&nbsp;&nbsp;&nbsp;&nbsp;&nbsp;&nbsp;&nbsp;&nbsp;&nbsp;&nbsp;&nbsp;&nbsp;&nbsp;&nbsp;&nbsp;&nbsp;&nbsp;&nbsp; &nbsp;&nbsp;&nbsp;&nbsp;&nbsp;&nbsp;&nbsp;&nbsp;&nbsp;&nbsp;&nbsp;&nbsp;&nbsp;____________________________</span></p>\r\n<p class="MsoNormal" style="text-align: justify; text-indent: 35.4pt; line-height: 150%;"><span lang="ES" style="font-family: ''Arial'',sans-serif;">&nbsp;&nbsp; &nbsp;&nbsp;&nbsp;&nbsp;&nbsp;&nbsp;&nbsp;&nbsp;&nbsp;&nbsp;&nbsp;&nbsp;&nbsp;&nbsp;&nbsp;&nbsp;&nbsp;&nbsp;&nbsp;&nbsp; &nbsp;&nbsp;&nbsp;&nbsp;&nbsp;&nbsp;&nbsp;&nbsp;&nbsp;&nbsp;&nbsp;&nbsp;&nbsp;&nbsp;&nbsp;Nombre y&nbsp; Firma del otorgante</span></p>\r\n<p class="MsoNormal" style="text-align: justify;"><span lang="ES">&nbsp;&nbsp; &nbsp;&nbsp;&nbsp;&nbsp;&nbsp;&nbsp;&nbsp;&nbsp;&nbsp;&nbsp;&nbsp;&nbsp;&nbsp;&nbsp;&nbsp;&nbsp;&nbsp;&nbsp;&nbsp;&nbsp;&nbsp;&nbsp;&nbsp;&nbsp;&nbsp;&nbsp;&nbsp;&nbsp;&nbsp;&nbsp;&nbsp;&nbsp; </span><span lang="ES" style="font-family: ''Arial'',sans-serif;">&nbsp;&nbsp;&nbsp;&nbsp;&nbsp;&nbsp;&nbsp;&nbsp;&nbsp;&nbsp;&nbsp;&nbsp;&nbsp;&nbsp;&nbsp;Tipo y N&ordm; de identificaci&oacute;n oficial</span></p>\r\n<p class="MsoNormal" style="text-align: justify;"><span lang="ES">&nbsp;</span></p>\r\n<p class="MsoNormal" style="text-align: center;" align="center"><span lang="ES">&nbsp;</span></p>\r\n<p class="MsoNormal" style="text-align: center;" align="center"><span lang="ES">&nbsp;</span></p>\r\n<p class="MsoNormal" style="text-align: center;" align="center"><span lang="ES">___________________________________</span></p>\r\n<p class="MsoNormal" style="text-align: center;" align="center"><span lang="ES" style="font-family: ''Arial'',sans-serif;">Nombre y firma del(a)&nbsp; apoderado (a)</span></p>\r\n<p class="MsoNormal" style="text-align: center;" align="center"><span lang="ES" style="font-family: ''Arial'',sans-serif;">Tipo y N&ordm; de identificaci&oacute;n oficial</span></p>\r\n<p class="MsoNormal"><span lang="ES">&nbsp;&nbsp;&nbsp;&nbsp;&nbsp;&nbsp;&nbsp;&nbsp;&nbsp;&nbsp;&nbsp;&nbsp;&nbsp;&nbsp;&nbsp;&nbsp;&nbsp;&nbsp;&nbsp;&nbsp;&nbsp;&nbsp;&nbsp;&nbsp;&nbsp;&nbsp;&nbsp;&nbsp;&nbsp;&nbsp;&nbsp;&nbsp;&nbsp;&nbsp;&nbsp; </span></p>\r\n<p class="MsoNormal" style="text-align: center;" align="center"><span lang="ES" style="font-family: ''Arial'',sans-serif;">TESTIGOS</span><span lang="ES" style="font-family: ''Arial'',sans-serif;">&nbsp;</span></p>\r\n<p class="MsoNormal"><span lang="ES" style="font-family: ''Arial'',sans-serif;">&nbsp;</span></p>\r\n<p class="MsoNormal" style="text-align: justify; line-height: 150%;"><span lang="ES" style="font-family: ''Arial'',sans-serif;">___________________________&nbsp;&nbsp;&nbsp;&nbsp;&nbsp;&nbsp;&nbsp;&nbsp;&nbsp;&nbsp;&nbsp;&nbsp;&nbsp;&nbsp;&nbsp;&nbsp;&nbsp; &nbsp;&nbsp;&nbsp;&nbsp;&nbsp;&nbsp;&nbsp;&nbsp;&nbsp;&nbsp;&nbsp;&nbsp;&nbsp;&nbsp; &nbsp;___________________________</span></p>\r\n<p class="MsoNormal" style="text-align: justify; text-indent: 35.4pt; line-height: 150%;"><span lang="ES" style="font-family: ''Arial'',sans-serif;">&nbsp;&nbsp;&nbsp; Nombre y firma&nbsp;&nbsp;&nbsp;&nbsp;&nbsp;&nbsp;&nbsp;&nbsp;&nbsp;&nbsp;&nbsp;&nbsp;&nbsp;&nbsp;&nbsp;&nbsp;&nbsp;&nbsp;&nbsp;&nbsp;&nbsp;&nbsp;&nbsp;&nbsp;&nbsp;&nbsp;&nbsp; &nbsp;&nbsp;&nbsp;&nbsp;&nbsp;&nbsp; &nbsp;&nbsp;&nbsp;&nbsp;&nbsp;&nbsp;&nbsp;&nbsp;&nbsp;&nbsp;&nbsp;&nbsp;&nbsp;&nbsp;&nbsp; &nbsp;&nbsp;&nbsp;&nbsp;&nbsp;&nbsp;&nbsp;&nbsp;&nbsp;&nbsp;&nbsp; &nbsp;Nombre y firma</span></p>\r\n<p class="MsoNormal"><span lang="ES" style="font-family: ''Arial'',sans-serif;">&nbsp;&nbsp;&nbsp;&nbsp;&nbsp; Tipo y N&ordm; de identificaci&oacute;n oficial&nbsp;&nbsp;&nbsp;&nbsp;&nbsp;&nbsp; &nbsp;&nbsp; &nbsp;&nbsp;&nbsp;&nbsp;&nbsp;&nbsp;&nbsp;&nbsp;&nbsp;&nbsp;&nbsp;&nbsp;&nbsp;&nbsp;&nbsp;&nbsp;&nbsp;&nbsp;&nbsp; &nbsp;Tipo y N&ordm; de identificaci&oacute;n oficial</span></p>\r\n<p class="MsoNormal" style="text-align: justify;"><strong><span lang="ES" style="font-size: 9.0pt;">&nbsp;</span></strong></p>\r\n<p class="MsoNormal" style="text-align: justify;"><strong><span lang="ES" style="font-size: 9.0pt;">&nbsp;</span></strong></p>\r\n<p class="MsoNormal" style="text-align: justify;"><strong><span lang="ES" style="font-size: 9.0pt;">&nbsp;</span></strong></p>\r\n<p><strong><span lang="ES" style="font-size: 10.0pt; font-family: ''Arial'',sans-serif; mso-fareast-font-family: ''Times New Roman''; mso-ansi-language: ES; mso-fareast-language: ES; mso-bidi-language: AR-SA;">&nbsp;&nbsp;&nbsp;&nbsp;&nbsp;&nbsp; (Anexar copias legibles de todas las identificaciones vigentes con firma de su titular</span></strong><span lang="ES" style="font-size: 10.0pt; font-family: ''Arial'',sans-serif; mso-fareast-font-family: ''Times New Roman''; mso-ansi-language: ES; mso-fareast-language: ES; mso-bidi-language: AR-SA;">)</span></p>', 11, '2019-11-05 14:24:58'),
(2, '', 'Curriculum vitae', '<p>&nbsp;</p>\r\n<p class="MsoTitle" style="text-align: center;"><span lang="ES-PE" style="font-size: 14.0pt; font-family: ''Calibri'',sans-serif; mso-bidi-font-family: Arial; mso-ansi-language: ES-PE;"><strong>SILVIA DEL ROSARIO GARCIA CARO</strong></span></p>\r\n<p class="MsoNormal" style="text-align: center;" align="center"><span lang="PT-BR" style="font-size: 11.0pt; font-family: ''Calibri'',sans-serif; mso-bidi-font-family: Arial; mso-ansi-language: PT-BR; mso-bidi-font-weight: bold;">Jr. Sechura N&deg; 151 - Urb. Santa Ana - Callao</span></p>\r\n<p class="MsoNormal" style="text-align: center;" align="center"><span lang="PT-BR" style="font-size: 11.0pt; font-family: ''Calibri'',sans-serif; mso-bidi-font-family: Arial; mso-ansi-language: PT-BR; mso-bidi-font-weight: bold;">2308328 - 969124584 - RPC 989266989</span></p>\r\n<p class="MsoNormal" style="text-align: center;" align="center"><span lang="ES-PE" style="font-size: 11.0pt; font-family: ''Calibri'',sans-serif; mso-bidi-font-family: Arial; mso-bidi-font-weight: bold;">silviadelrosario@gmail.com</span></p>\r\n<p class="MsoNormal" style="text-align: center;" align="center"><span style="font-size: 11.0pt; font-family: ''Calibri'',sans-serif; mso-bidi-font-family: Arial; mso-ansi-language: EN-US; mso-bidi-font-weight: bold;"><a href="mailto:sgarciac2004@hotmail.com"><span lang="ES-PE" style="mso-ansi-language: ES-PE;">sgarciac2004@hotmail.com</span></a></span></p>\r\n<p class="MsoNormal" style="text-align: center;" align="center"><span lang="ES-PE" style="font-size: 11.0pt; font-family: ''Calibri'',sans-serif; mso-bidi-font-family: Arial; mso-bidi-font-weight: bold;">&nbsp;</span></p>\r\n<h1><u><span lang="ES-PE" style="font-size: 11.0pt; font-family: ''Calibri'',sans-serif; mso-bidi-font-family: Arial; mso-ansi-language: ES-PE; mso-bidi-font-style: italic;">PERFIL PROFESIONAL</span></u></h1>\r\n<p class="MsoNormal"><span lang="ES-PE" style="font-size: 11.0pt; font-family: ''Calibri'',sans-serif; mso-bidi-font-family: Arial;">Asistente de Gerencia con experiencia en atenci&oacute;n al cliente, recepci&oacute;n, ventas, comercio<span style="mso-spacerun: yes;">&nbsp; </span>y contabilidad. Con habilidades y competencias, capaz de entablar relaci&oacute;n en todo nivel y trabajar bajo resultados.</span></p>\r\n<p class="MsoNormal"><strong style="mso-bidi-font-weight: normal;"><span lang="ES-PE" style="font-size: 12.0pt; font-family: ''Arial'',sans-serif;">&nbsp;</span></strong></p>\r\n<p class="MsoNormal"><strong style="mso-bidi-font-weight: normal;"><u><span lang="ES-PE" style="font-size: 11.0pt; font-family: ''Calibri'',sans-serif; mso-bidi-font-family: Arial;">CAPACIDADES DEMOSTRADAS</span></u></strong></p>\r\n<p class="MsoNormal"><span lang="ES-PE" style="font-size: 11.0pt; font-family: ''Calibri'',sans-serif; mso-bidi-font-family: Arial;">Control y seguimiento de los presupuestos</span></p>\r\n<p class="MsoNormal"><span lang="ES-PE" style="font-size: 11.0pt; font-family: ''Calibri'',sans-serif; mso-bidi-font-family: Arial;">Evaluaci&oacute;n de los resultados del equipo y asignaci&oacute;n de comisiones</span></p>\r\n<p class="MsoNormal"><span lang="ES-PE" style="font-size: 11.0pt; font-family: ''Calibri'',sans-serif; mso-bidi-font-family: Arial;">Captaci&oacute;n de nuevos clientes</span></p>\r\n<p class="MsoNormal"><strong style="mso-bidi-font-weight: normal;"><span lang="ES-PE" style="font-size: 12.0pt; font-family: ''Arial'',sans-serif;">&nbsp;</span></strong></p>\r\n<p class="MsoNormal"><strong style="mso-bidi-font-weight: normal;"><u><span lang="ES-PE" style="font-size: 11.0pt; font-family: ''Calibri'',sans-serif; mso-bidi-font-family: Arial;">OBJETIVOS CONSEGUIDOS</span></u></strong></p>\r\n<p class="MsoNormal"><span lang="ES-PE" style="font-size: 11.0pt; font-family: ''Calibri'',sans-serif; mso-bidi-font-family: Arial;">Desarrollo de nuevas estrategias que apoyaban al planeamiento gerencial</span></p>\r\n<p class="MsoNormal"><strong style="mso-bidi-font-weight: normal;"><span lang="ES-PE" style="font-size: 12.0pt; font-family: ''Arial'',sans-serif;">&nbsp;</span></strong></p>\r\n<h3><strong><u><span lang="ES-PE" style="font-size: 11.0pt; font-family: ''Calibri'',sans-serif; mso-bidi-font-family: Arial; font-style: normal; mso-bidi-font-style: italic;">EXPERIENCIA<span style="mso-spacerun: yes;">&nbsp; </span>LABORAL</span></u></strong></h3>\r\n<p class="MsoNormal"><span lang="ES-PE" style="font-size: 11.0pt; font-family: ''Calibri'',sans-serif; mso-bidi-font-family: ''Times New Roman'';">&nbsp;</span></p>\r\n<p class="MsoNormal"><strong style="mso-bidi-font-weight: normal;"><span lang="ES-PE" style="font-size: 11.0pt; font-family: ''Calibri'',sans-serif; mso-bidi-font-family: ''Times New Roman'';">Asistencia de Gerencia</span></strong></p>\r\n<p class="MsoNormal"><strong><span lang="ES-PE" style="font-size: 11.0pt; font-family: ''Calibri'',sans-serif; mso-bidi-font-family: Arial;">&ldquo;DCM&rdquo; <span style="mso-tab-count: 8;">&nbsp;&nbsp;&nbsp;&nbsp;&nbsp;&nbsp;&nbsp;&nbsp;&nbsp;&nbsp;&nbsp;&nbsp;&nbsp;&nbsp;&nbsp;&nbsp;&nbsp;&nbsp;&nbsp;&nbsp;&nbsp;&nbsp;&nbsp;&nbsp;&nbsp;&nbsp;&nbsp;&nbsp;&nbsp;&nbsp;&nbsp;&nbsp;&nbsp;&nbsp;&nbsp;&nbsp;&nbsp;&nbsp;&nbsp;&nbsp;&nbsp;&nbsp;&nbsp;&nbsp;&nbsp;&nbsp;&nbsp;&nbsp;&nbsp;&nbsp;&nbsp;&nbsp;&nbsp;&nbsp;&nbsp;&nbsp;&nbsp;&nbsp;&nbsp;&nbsp;&nbsp;&nbsp;&nbsp;&nbsp;&nbsp;&nbsp;&nbsp;&nbsp;&nbsp;&nbsp;&nbsp;&nbsp;&nbsp;&nbsp;&nbsp;&nbsp;&nbsp;&nbsp;&nbsp;&nbsp;&nbsp;&nbsp;&nbsp;&nbsp;&nbsp;&nbsp;&nbsp;&nbsp;&nbsp;&nbsp;&nbsp;&nbsp;&nbsp;&nbsp;&nbsp;&nbsp;&nbsp;&nbsp;&nbsp;&nbsp;&nbsp;&nbsp;&nbsp;&nbsp;&nbsp;&nbsp;&nbsp;&nbsp;&nbsp;&nbsp;&nbsp; </span><span style="mso-spacerun: yes;">&nbsp;&nbsp;&nbsp;&nbsp;&nbsp;&nbsp;&nbsp;&nbsp;</span>Enero<span style="mso-spacerun: yes;">&nbsp; </span>2011</span></strong></p>\r\n<p class="MsoNormal"><strong><span lang="ES-PE" style="font-size: 11.0pt; font-family: ''Calibri'',sans-serif; mso-bidi-font-family: Arial;">INGENIEROS &amp; CONSTRUCTORES S.R.L<span style="mso-tab-count: 2;">&nbsp;&nbsp;&nbsp;&nbsp;&nbsp;&nbsp;&nbsp;&nbsp;&nbsp;&nbsp;&nbsp;&nbsp;&nbsp;&nbsp;&nbsp;&nbsp;&nbsp;&nbsp; </span></span></strong></p>\r\n<p class="MsoNormal"><span lang="ES-PE" style="font-size: 11.0pt; font-family: ''Calibri'',sans-serif; mso-bidi-font-family: ''Times New Roman'';">Redacci&oacute;n y elaboraci&oacute;n de documentos</span></p>\r\n<p class="MsoNormal"><span lang="ES-PE" style="font-size: 11.0pt; font-family: ''Calibri'',sans-serif; mso-bidi-font-family: ''Times New Roman'';">Recepci&oacute;n y env&iacute;o de fax</span></p>\r\n<p class="MsoNormal"><span lang="ES-PE" style="font-size: 11.0pt; font-family: ''Calibri'',sans-serif; mso-bidi-font-family: ''Times New Roman'';">Elaboraci&oacute;n de cotizaciones, facturas y gu&iacute;as de remisi&oacute;n</span></p>\r\n<p class="MsoNormal"><span lang="ES-PE" style="font-size: 11.0pt; font-family: ''Calibri'',sans-serif; mso-bidi-font-family: ''Times New Roman'';">Importaci&oacute;n de productos</span></p>\r\n<p class="MsoNormal"><strong><span lang="ES-PE" style="font-size: 11.0pt; font-family: ''Calibri'',sans-serif; mso-bidi-font-family: Arial;"><span style="mso-spacerun: yes;">&nbsp;</span></span></strong></p>\r\n<p class="MsoNormal"><strong><span lang="ES-PE" style="font-size: 11.0pt; font-family: ''Calibri'',sans-serif; mso-bidi-font-family: Arial;">&ldquo;WALTER NECIOSUP PUICAN&rdquo;<span style="mso-spacerun: yes;">&nbsp; </span><span style="mso-tab-count: 5;">&nbsp;&nbsp;&nbsp;&nbsp;&nbsp;&nbsp;&nbsp;&nbsp;&nbsp;&nbsp;&nbsp;&nbsp;&nbsp;&nbsp;&nbsp;&nbsp;&nbsp;&nbsp;&nbsp;&nbsp;&nbsp;&nbsp;&nbsp;&nbsp;&nbsp;&nbsp;&nbsp;&nbsp;&nbsp;&nbsp;&nbsp;&nbsp;&nbsp;&nbsp;&nbsp;&nbsp;&nbsp;&nbsp;&nbsp;&nbsp;&nbsp;&nbsp;&nbsp;&nbsp;&nbsp;&nbsp;&nbsp;&nbsp;&nbsp;&nbsp;&nbsp;&nbsp;&nbsp;&nbsp;&nbsp;&nbsp;&nbsp;&nbsp;&nbsp;&nbsp;&nbsp;&nbsp;&nbsp;&nbsp; </span>Junio 2008 -<span style="mso-spacerun: yes;">&nbsp; </span>Enero 2010</span></strong></p>\r\n<p class="MsoNormal"><strong><span lang="ES-PE" style="font-size: 11.0pt; font-family: ''Calibri'',sans-serif; mso-bidi-font-family: Arial;">ESTUDIO JURIDICO</span></strong></p>\r\n<p class="MsoNormal"><span lang="ES-PE" style="font-size: 11.0pt; font-family: ''Calibri'',sans-serif; mso-bidi-font-family: Arial;">Recepci&oacute;n de llamadas</span></p>\r\n<p class="MsoNormal"><span lang="ES-PE" style="font-size: 11.0pt; font-family: ''Calibri'',sans-serif; mso-bidi-font-family: Arial;">Manejo de Agenda</span></p>\r\n<p class="MsoNormal"><span lang="ES-PE" style="font-size: 11.0pt; font-family: ''Calibri'',sans-serif; mso-bidi-font-family: Arial;">Elaboraci&oacute;n y actualizaci&oacute;n de base de datos</span></p>\r\n<p class="MsoNormal"><span lang="ES-PE" style="font-size: 11.0pt; font-family: ''Calibri'',sans-serif; mso-bidi-font-family: Arial;">Manejo de caja chica</span></p>\r\n<p class="MsoNormal"><span lang="ES-PE" style="font-size: 11.0pt; font-family: ''Calibri'',sans-serif; mso-bidi-font-family: Arial;">&nbsp;</span></p>\r\n<p class="MsoNormal"><span lang="ES-PE" style="font-size: 11.0pt; font-family: ''Calibri'',sans-serif; mso-bidi-font-family: ''Times New Roman'';">&nbsp;<strong style="mso-bidi-font-weight: normal;">LABORATORIOS STIEFEGEL<span style="mso-tab-count: 5;">&nbsp;&nbsp;&nbsp;&nbsp;&nbsp;&nbsp;&nbsp;&nbsp;&nbsp;&nbsp;&nbsp;&nbsp;&nbsp;&nbsp;&nbsp;&nbsp;&nbsp;&nbsp;&nbsp;&nbsp;&nbsp;&nbsp;&nbsp;&nbsp;&nbsp;&nbsp;&nbsp;&nbsp;&nbsp;&nbsp;&nbsp;&nbsp;&nbsp;&nbsp;&nbsp;&nbsp;&nbsp;&nbsp;&nbsp;&nbsp;&nbsp;&nbsp;&nbsp;&nbsp;&nbsp;&nbsp;&nbsp;&nbsp;&nbsp;&nbsp;&nbsp;&nbsp;&nbsp;&nbsp;&nbsp;&nbsp;&nbsp;&nbsp;&nbsp;&nbsp;&nbsp;&nbsp;&nbsp;&nbsp;&nbsp;&nbsp;&nbsp;&nbsp;&nbsp;&nbsp;&nbsp;&nbsp; </span>Marzo 2008 &ndash; Mayo 2008</strong></span></p>\r\n<p class="MsoNormal"><span lang="ES-PE" style="font-size: 11.0pt; font-family: ''Calibri'',sans-serif; mso-bidi-font-family: ''Times New Roman'';">Practicas en el dpto. Comercial<span style="mso-tab-count: 5;">&nbsp;&nbsp;&nbsp;&nbsp;&nbsp;&nbsp;&nbsp;&nbsp;&nbsp;&nbsp;&nbsp;&nbsp;&nbsp;&nbsp;&nbsp;&nbsp;&nbsp;&nbsp;&nbsp;&nbsp;&nbsp;&nbsp;&nbsp;&nbsp;&nbsp;&nbsp;&nbsp;&nbsp;&nbsp;&nbsp;&nbsp;&nbsp;&nbsp;&nbsp;&nbsp;&nbsp;&nbsp;&nbsp;&nbsp;&nbsp;&nbsp;&nbsp;&nbsp;&nbsp;&nbsp;&nbsp;&nbsp;&nbsp;&nbsp;&nbsp;&nbsp;&nbsp;&nbsp;&nbsp;&nbsp;&nbsp;&nbsp;&nbsp;&nbsp;&nbsp;&nbsp;&nbsp;&nbsp;&nbsp;&nbsp;&nbsp; </span></span></p>\r\n<h1><span lang="ES" style="font-size: 11.0pt; font-family: ''Calibri'',sans-serif; mso-bidi-font-family: Arial; mso-ansi-language: ES; font-weight: normal;">&nbsp;</span></h1>\r\n<p class="MsoNormal"><span lang="ES" style="mso-ansi-language: ES;">&nbsp;</span></p>\r\n<h1><u><span lang="ES-PE" style="font-size: 11.0pt; font-family: ''Calibri'',sans-serif; mso-bidi-font-family: Arial; mso-ansi-language: ES-PE; mso-bidi-font-style: italic;">FORMACI&Oacute;N PROFESIONAL</span></u></h1>\r\n<p class="MsoNormal"><span lang="ES-PE" style="font-size: 11.0pt; font-family: ''Calibri'',sans-serif; mso-bidi-font-family: Arial;">&nbsp;</span></p>\r\n<p class="MsoNormal"><span lang="ES-PE" style="font-size: 11.0pt; font-family: ''Calibri'',sans-serif; mso-bidi-font-family: Arial; mso-bidi-font-weight: bold;">Grado Acad&eacute;mico: T&eacute;cnico</span></p>\r\n<p class="MsoNormal"><span lang="ES-PE" style="font-size: 11.0pt; font-family: ''Calibri'',sans-serif; mso-bidi-font-family: Arial; mso-bidi-font-weight: bold;">Abril 2005 - Mayo 2008<span style="mso-tab-count: 1;">&nbsp; </span></span></p>\r\n<p class="MsoNormal"><span lang="ES-PE" style="font-size: 11.0pt; font-family: ''Calibri'',sans-serif; mso-bidi-font-family: Arial; mso-bidi-font-weight: bold;">Instituto Superior Tecnol&oacute;gico<span style="mso-spacerun: yes;">&nbsp; </span>&ldquo;Ejecutivas&rdquo;</span></p>\r\n<p class="MsoNormal"><em><span lang="ES-PE" style="font-size: 11.0pt; font-family: ''Calibri'',sans-serif; mso-bidi-font-family: Arial; mso-bidi-font-weight: bold; font-style: normal;">Especializaci&oacute;n en marketing comercia</span></em></p>\r\n<p class="MsoNormal"><span lang="ES-PE">&nbsp;</span></p>\r\n<h1><u><span lang="ES-PE" style="font-size: 11.0pt; font-family: ''Calibri'',sans-serif; mso-bidi-font-family: Arial; mso-ansi-language: ES-PE; mso-bidi-font-style: italic;"><span style="text-decoration: none;">&nbsp;</span></span></u></h1>\r\n<h3><strong><u><span lang="ES-PE" style="font-size: 11.0pt; font-family: ''Calibri'',sans-serif; mso-bidi-font-family: Arial; font-style: normal; mso-bidi-font-style: italic;">IDIOMAS</span></u></strong></h3>\r\n<p class="MsoNormal"><span lang="ES-PE" style="font-size: 11.0pt; font-family: ''Calibri'',sans-serif; mso-bidi-font-family: Arial;">&nbsp;</span></p>\r\n<p class="MsoNormal"><span class="apple-style-span"><span lang="ES-PE" style="font-size: 11.0pt; font-family: ''Calibri'',sans-serif; mso-bidi-font-family: Arial;">Ingles, escritura y lenguaje fluido</span></span></p>\r\n<p class="MsoNormal"><span class="apple-style-span"><span lang="ES-PE" style="font-size: 11.0pt; font-family: ''Calibri'',sans-serif; mso-bidi-font-family: Arial;">Franc&eacute;s, escritura y lenguaje intermedio</span></span></p>\r\n<p class="MsoNormal"><span class="apple-style-span"><span lang="ES-PE" style="font-size: 11.0pt; font-family: ''Calibri'',sans-serif; mso-bidi-font-family: Arial;">&nbsp;</span></span></p>\r\n<p class="MsoNormal"><strong style="mso-bidi-font-weight: normal;"><u><span lang="ES-PE" style="font-size: 11.0pt; font-family: ''Calibri'',sans-serif; mso-bidi-font-family: Arial;">CONOCIMIENTOS INFORM&Aacute;TICOS</span></u></strong></p>\r\n<p class="MsoNormal"><span lang="ES-PE" style="font-size: 11.0pt; font-family: ''Calibri'',sans-serif; mso-bidi-font-family: Arial;">&nbsp;</span></p>\r\n<p class="MsoNormal"><span lang="ES-PE" style="font-size: 11.0pt; font-family: ''Calibri'',sans-serif; mso-bidi-font-family: Arial;">Microsoft Office 2007</span></p>\r\n<p class="MsoNormal"><span lang="ES-PE" style="font-size: 11.0pt; font-family: ''Calibri'',sans-serif; mso-bidi-font-family: Arial;">Word</span></p>\r\n<p class="MsoNormal"><span lang="ES-PE" style="font-size: 11.0pt; font-family: ''Calibri'',sans-serif; mso-bidi-font-family: Arial;">Excel</span></p>\r\n<p class="MsoNormal"><span lang="ES-PE" style="font-size: 11.0pt; font-family: ''Calibri'',sans-serif; mso-bidi-font-family: Arial;">Internet</span></p>\r\n<p>&nbsp;</p>', 11, '2019-11-05 14:23:51'),
(3, '', 'Project Charter', '<p>Inicio de proyecto SystemCase</p>\r\n<p>&nbsp;</p>\r\n<p>Introducci&oacute;n</p>\r\n<p>&nbsp;</p>\r\n<p>&nbsp;</p>\r\n<p>&nbsp;</p>\r\n<p>&nbsp;</p>\r\n<p>Control de cambios</p>\r\n<p>&nbsp;</p>\r\n<p>&nbsp;</p>\r\n<p>&nbsp;</p>\r\n<p>&nbsp;</p>\r\n<p>Alcance</p>\r\n<p>&nbsp;</p>\r\n<p>&nbsp;</p>\r\n<p>Objetivos</p>', 11, '2019-11-19 18:45:14');

-- 
-- Dumping data for table t_documento
--
INSERT INTO t_documento VALUES
(1, 'Informe psicológico', './assets/documentos/5db7c08bd8eea1.41072691.pdf', 1, '2019-10-28 23:38:11'),
(2, 'Reporte médico', './assets/documentos/5db7c2f001db43.02837980.docx', 1, '2019-10-28 23:41:20'),
(3, 'Corregir Dimens Android', './assets/documentos/5ddd75971e7488.51832836.pdf', 6, '2019-11-26 13:57:27');

-- 
-- Dumping data for table t_audiencia
--
INSERT INTO t_audiencia VALUES
(1, 'CONCILIACION', 'JR. Abancay 556', '09:30:00', '2019-10-29', '', 1, 3, 2),
(2, 'SEPARACION', 'JR. Abancay 556', '11:00:00', '2019-10-30', '', 4, 3, 3),
(3, 'SEPARACION', 'JR. Abancay 556', '10:30:00', '2019-10-31', '', 1, 4, 3),
(4, 'CONCILIACION', 'Av. Centenario 698', '10:30:00', '2019-10-30', '', 2, 2, 5),
(5, 'Conciliacion', 'Jr parra 521', '11:00:00', '2019-11-14', '<p>Reunion para llegar a un acuerdo econ&oacu', 3, 3, 1),
(6, 'Conciliación', 'Jr parra 521', '10:30:00', '2019-11-25', '<p>No se pudo llegar a un acuerdo, las partes', 6, 2, 3),
(7, 'Separación de bienes', 'Jr parra 521', '09:00:00', '2019-11-28', '', 6, 2, 3);

-- 
-- Dumping data for table t_apelacion
--
-- Table lawyers.t_apelacion does not contain any data (it is empty)

-- 
-- Dumping data for table t_abogado
--
INSERT INTO t_abogado VALUES
(2, 'ARTURO', 'CASTILLO ROMERO', 986532651, 'AV. LARCO 660', 987653251, 0, 'acastillo@syscase.com', 'Junin', 'Lima', 'Cercado', '', 11);

-- 
-- Restore previous SQL mode
-- 
/*!40101 SET SQL_MODE=@OLD_SQL_MODE */;

-- 
-- Enable foreign keys
-- 
/*!40014 SET FOREIGN_KEY_CHECKS = @OLD_FOREIGN_KEY_CHECKS */;